{"cameraMode":{"drawMode":0,"name":"Shaded","section":"Shading Mode"},"sceneLighting":true,"audioPlay":false,"sceneViewState":{"m_AlwaysRefresh":false,"showFog":true,"showSkybox":true,"showFlares":true,"showImageEffects":true,"showParticleSystems":true,"showVisualEffectGraphs":true,"m_FxEnabled":true},"in2DMode":false,"pivot":{"x":-3.0306708812713625,"y":3.4845376014709474,"z":10.16451644897461},"rotation":{"x":-0.3012421131134033,"y":0.006003497634083033,"z":-0.0018969825468957425,"w":-0.9535298943519592},"size":21.28200340270996,"orthographic":false}